offensiveYN,HITId,post,
0.0,3IQ9O0AYW6T20ZOLCO14EURHST0TI5,Freedom of speech is essential to the progress of knowledge.,
0.0,3SCKNODZ0XA7G225W1BVE6VGPV5N75,I assume you went to the High Caliber gun show in Houston   I usually go when they are in Conroe and I know the feeling the last two or three times I did n't get much or see anything that really caught my eye .,
1.0,3R868ACW4S6KQKRPSSQJF6FIWGCZGN,RT @_JamesHumble: Guys can be assholes but girls are fucking evil #Amen,
0.0,3PZDSVZ3J5BAXFKMU3DOBUB6WXW4NP,Sometimes I feel like Duche bag calls to the clinic are just tests because of how idiotic the people get.,
0.0,3OYHVNTV5TSDT291GA0HX007IBAOKW,Went to work at 530.... Only got paid for working from 9-4. Makes no fucking sense. And im tired. And hungry. And aint caught my nu....nvmd,
1.0,3I7SHAD35MQ1YKH5K0WV1R6GHT0M7I,I want a girl that reminds me of a report card. Her face has to be an A  she has to have double DDs  'cause tonight I want to F.,
0.0,3E6L1VR4XWGCOABJF3NQ0NMBST06FJ,A British school where none of the students have English as their first language ?,
0.0,3CVBMEMMXBAF66GUT3GI9MYK06OH7P,today was just terrible &#128175,
1.0,341H3G5YF08NFGG4EQ1GUES2P0P0ZP,She a dirty bitch and I dotn have a doubt,
1.0,3G4VVJO6PZAVE2L2VADWM05XSKAPKQ,Ever since I became a cop I have to deal with rape victims on a daily basis. Apparently women trust you much more when you wear a police uniform.,
0.0,3XAOZ9UYRZLE8D0VNDM3HQZ8RLMQ1U,Sorry I can't stick to my so-called break  but I have to ask  as someone on the autism spectrum  does anyone else here flap their hands?,
1.0,3OB6JN3A9QJBG31KTEU168XGDSFMR7,jewish children two jewish children are sitting on top of a roof near a chimney . a passer - by asks   ‘ what are you doing there?’ ‘ we are waiting for our parents . ',
0.0,3MNJFORX8BYG56B5AKDL8H8BV2T5FD,@KhadiMarcia @Og_BandoJohnson @brishona_kelly lol I'm scared of y'all friendship how y'all meet each other again ?,
0.0,32FESTC2NHKQN9HAKJVS8NFOY12UC8,EPISODE 71 : Halloween Costumes You Already Own | Watch the video - Yahoo !,
0.0,3UOMW19E6D092URVJINK0BN8YPZ5C0,IT JUST FLIES INTO THE FUCKING FIRE PLACE I'MD FJKXNFBVJKFD GK,
0.0,3HRWUH63QUWSTYOM88WYGMHKYOO5NK,Every time I 've ever taken this test I got roughly around the same spot .,
1.0,38B7Q9C28GZ3N0K6CHNYQR00MH269T,What is Ethiopia’s national dish? Nothing,
1.0,3D7VY91L65RO0WKVXH8B6TSC1YKMBS,he had a song called Hit u from the back with the iconic lines There they go! a big ole pack of pretty bitches...,
1.0,30Z7M1Q8UYE4WXDZX2YW607BTJ2A8Z,i got arrested for killing a black guy why ?,
0.0,32ZCLEW0BZE03IFKDPDKLL5KF19PJ4,What can you do when your opponent has you up close  his head against yours  and it feels like you're locked in and can't do anything?,
1.0,3R5LWXWHR02VLPRARA2YILZ7N21XGI,My dick is like a public bus... Children ride for free.,
0.0,3AJA9FLWSCSSHU6KH4WFXQCGZPCFIB,nvm it's all good nothing is wrong with bitches ((:,
1.0,3MNJFORX8BYG56B5AKDL8H8BWX25FD,I just refer to them as primates as through THEIR evolution process they are just a little bit higher on the evolutionary chain which makes them all the more dangerous to whites   than any of their animalistic cousins .,
1.0,32CAVSKPCEJ6067C4M68RRWXRZQ1UR,Why do I like Minecraft so much? I’m allowed to kill as many Jews as I like and I won’t be charged with a war crime,
1.0,37M4O367VJCMBG3MW7HY37SKS0JM59,zzzz @hammmyy96 Call me sexist but I'm yet to see a funny female comedian,
1.0,3L84EBDQ37WU3BOMII8OQJJYYCRKKB,So Steven Hawking walks into a bar... Just kidding.,
1.0,3B286OTISEBTGE9IO6VNVQGP93LAJQ,its no surprise to me that melania trump plagiarized parts of her speech from michelle obama i knew it from the second she sa <lolface>  when i was growing up in africa   swinging from tree to tree picking up bananas . <repeat> ,
0.0,3YZ7A3YHR5NP9BGRG4DKFGRQKSLS5H,im listening to Anamanaguchi and their song Miku came on and for a minute it sounded like she said i'm fucking Miku and i WISH IT WAS,
0.0,38B7Q9C28GZ3N0K6CHNYQR00MG569U,So sad to hear about this. Our thoughts are with Amanda's family and friends. + https://t.co/bf4nLPBCAf,
1.0,391JB9X4ZY2PTZOP3UL45WB2NJ8KM6,What do you call a white guy ... Surrounded by a nigger? Master Surrounded by 3 niggers? In trouble Surrounded by 5 niggers?  Coach Surrounded by 1000 niggers? Prison Warden,
0.0,3WRBLBQ2GR2NOZLZOYDR97CWDRDG0V,:: I have to listen to Con Funk Shun | Love's Train LIVE from the Live For Ya Ass album every morning ..,
0.0,37NXA7GVST0J3S0G2MYW7S7U6J8VL1,It seems the men of reddit fear being branded pediphiles by society at large and other horribly depressing stories.,
1.0,324N5FAHSX58JMIYHMMVSSUFFL9KVV,RT @sbacilio1224: Neta bullshit aside I need to get me a bad bitch,
1.0,3E6L1VR4XWGCOABJF3NQ0NMBSUX6FI,Asian women hate their race so much they will literally date white supremacists,
0.0,3OZ4VAIBEX9D82CGZ1MJRDU22U2VJY,i am sick and i stopped going to school and i am alone in a whole new country Praise the lord,
0.0,3U74KRR67MFUE0ZC94EWJ2NYESTNTE,If you had the chance  would you homeschool your children?,
0.5,3U18MJKL1UGDSJX1NIJ6USNUQ5BCN0,I wonder why the Jewish Media always pretends that all the blood thirsty third world savages are victims and it is all Whitey 's fault ?,
0.0,3X4Q1O9UBHGPYN2HXGB8TVVLE9A7OB,D-Don't look at me like that senpai!&#128525,
1.0,3ZZAYRN1I6LCWLZOAJE9YRN31SAOTJ,How many Ethiopians can you fit in a bathtub? Who knows they keep slipping down the drain.,
0.0,3XBXDSS888DB7H5B21ZEVD4FMUFLXT,India: Women account for 2% of central forces  but 40% of suicides,
0.0,30UZJB2POH6LPUVCQPCJ78JET9F53Q,ITT: describe how you feel when you see a girl you find cutesad lonely,
1.0,3RWSQDNYL9G8734UGWQUUTZOIG8FF9,Whats the best part of being black and jewish? You get to sit in the back of the oven. :),
0.0,3P7RGTLO6E7ORYF06RVZW5G2VC6KAV,i don't show my face because i want my art to be the main focus. if that means people calling me ugly then it's whatever  my arts beautiful.,
1.0,3MYASTQBG75808G7366YIS0HD9MQDW,Statistically  1 in 10 people live next to a pedophile Not me though  I live next to a 10 years old boy with a cute ass. Edit : This was filthy frank's joke,
1.0,3HFWPF5AK9DMVWTN2LPR0JT67TOS3G,Whore making nu-male cuck friend write an essay to be a feminist LMFAO,
0.0,3D5G8J4N5AY7M58LBV0NTJHBXIRTV4,I'm fucked up  homie you fucked up But we gonna be aight!!,
1.0,3EAWOID6MTR66WBUDTCD98F60CSV02,I crossed an epileptic with a lettuce patch Anyone want some seizure salad?,
1.0,3D0LPO3EABT8D7YIKP1868FIGW9YO3,so i met this girl at work that has the tightest pussy god i love working at the daycare edit : some cuck reported this post and got me a perma ban,
0.0,3X55NP42EOAPI4DVA4LX5EOVHTL3PG,Not having a solid QB killed us against a great team. You'll never win throwing 6 ints. We got a lot to learn,