offensiveYN,HITId,WorkerId,demographics,output,prediction
0.0,3P7RGTLO6E7ORYF06RVZW5G2VCBKA0,-1638570835356793490,"{'race': 'hisp', 'generation': 'GenZ'}"," [reasoning explanation] [so] [the sentence is not offensive].
The given sentence expresses frustration about a technical issue with the WWE Network. It",0
1.0,35JDMRECC43MFP0TW5C6UWE089QGEJ,-6352039173957003457,"{'race': 'white', 'generation': 'GenY'}"," [the sentence is offensive] [Reason: The sentence contains derogatory language (""hoes"") and objectifies women, which is disrespectful and offensive.]",1
1.0,35NNO802AVQ45MJ1FSFS5VLPVVVNIB,1993680211374950203,"{'race': 'white', 'generation': 'GenX'}"," [reasoning explanation] [so] [the sentence is offensive].
The sentence contains explicit and inappropriate language, including a sexual assault reference and a de",1
0.0,341H3G5YF08NFGG4EQ1GUES2QRBZ0T,-3559048982681398316,"{'race': 'white', 'generation': 'GenY'}"," [reasoning explanation] The sentence expresses feelings of sadness, frustration, and embarrassment regarding the frequency of comments about skin color and the assumption that the speaker",-1
0.0,3LAZVA75NILICM5BR4UDX4ED4QKO23,6927542478311092738,"{'race': 'white', 'generation': 'GenY'}"," not offensive
The sentence is not offensive as it appears to be a question asking for personal experience regarding a medical procedure. There is no hate speech or",0
1.0,3MJ28H2Y1E2ABJOY9NWBVBHPLME5OT,1869048359460155317,"{'race': 'white', 'generation': 'GenZ'}"," [The sentence contains a reference to a sexually transmitted disease and uses explicit language, which can be considered offensive as it may cause discomfort or offense to some",1
0.0,3CMV9YRYP3VACX0MLXKD44W0AZ9JLH,1147960939871721323,"{'race': 'asian', 'generation': 'GenY'}"," [reasoning explanation] [so] [the sentence is not offensive].
The sentence contains a reference to a sports team (""Swans"") and a",0
0.0,39WICJI5ATMJW8F1XDJZWCQ9RSR3Z0,6850748243603538565,"{'race': 'white', 'generation': 'GenY'}", [reasoning explanation] The sentence does not contain any explicit or hateful language. It appears to be a positive message encouraging others to have good days.,-1
1.0,3J9L0X0VDFG1HFZC3Z02OLZDCYGW91,446815182533233009,"{'race': 'white', 'generation': 'GenY'}"," [reasoning explanation] The sentence uses a derogatory term ""degrading"" to describe a man using a feather duster, which implies that it",-1
1.0,37S0QRNUFBAQD9KK04EIA91G9NA88R,-3114316428557054065,"{'race': 'white', 'generation': 'GenY'}"," [reasoning explanation] [so] [the sentence is offensive].
The sentence ""bitches dumb"" is offensive because it uses derogatory language to",1
0.0,3P0I4CQYVY14O23I5OJKLBU2600OWA,-397721847506341609,"{'race': 'black', 'generation': 'GenY'}"," [reasoning explanation] [so] [the sentence is not offensive].
The given sentence does not contain any explicit or hateful language. It appears to",0
0.0,3CZH926SIC86397914A5L7HXJ5I4EO,-5471608738051449110,"{'race': 'white', 'generation': 'GenY'}"," [reasoning explanation] [so] [the sentence is offensive].
The sentence contains explicit language (""fucking"") which is considered offensive and inappropriate in",1
1.0,3M47JKRKCXV39V1W7PHKQV5P2CL869,7067515179960755087,"{'race': 'black', 'generation': 'GenY'}"," [reasoning explanation] [so] [the sentence is offensive].
[The sentence contains a racial slur ""nigger"" and makes a dehuman",1
0.5,3NQUW096N62L6LNDZLT0FAIXEMXL98,446815182533233009,"{'race': 'white', 'generation': 'GenY'}"," not offensive
The given sentence does not contain any explicit or hateful language, nor does it express any form of discrimination or offense towards a particular race,",0
1.0,3R4QIDVOJP6OVB42QAMIUTTOUB9EEX,-7945328595909653965,"{'race': 'white', 'generation': 'GenY'}"," [reasoning explanation] The sentence contains a reference to eating snails and slugs, which could be considered offensive to some people as it implies a",1
0.0,3IYI9285WSUH9T6G8KRE1L6DE9PCJO,-4903257119943710595,"{'race': 'white', 'generation': 'GenY'}"," [reasoning explanation] [so] [the sentence is offensive].
The sentence is potentially offensive because it implies that the speaker conducted a bingo game in",1
1.0,3TL87MO8CMJU7VEQ27TSP648HKSFLU,-8112240862397798182,"{'race': 'asian', 'generation': 'GenZ'}"," [reasoning explanation] [so] [the sentence is offensive].

[reasoning explanation] The sentence ""You're pretty for a black girl""",1
1.0,3T8DUCXY0N09PYVI8UVR11SE6RLT93,-7090297418013232722,"{'race': 'white', 'generation': 'GenY'}"," [racist language and derogatory terms used] [so] the sentence is offensive.

Input: I can't believe how many people are still getting",1
1.0,3KI0JD2ZU1CZ9HWDXKPECV9UMG767J,-450836770736143243,"{'race': 'white', 'generation': 'Boomer'}"," [reasoning explanation] [so] [the sentence is offensive].
The sentence is offensive because it makes a derogatory comment about Ethiopian athletes and implies",1
1.0,30U1YOGZGAQKDOVKVAV3DSFIW8EDS2,5330619308534303933,"{'race': 'white', 'generation': 'GenY'}"," [reasoning explanation] [so] [the sentence is offensive].
[reasoning explanation] The sentence uses a derogatory term ""bitch""",1
1.0,3GONHBMNHVSKIUNB3VOESBZFROBZMP,-2238863521358699827,"{'race': 'white', 'generation': 'GenY'}"," [The sentence is offensive] [because it makes light of the atrocities committed at Auschwitz, a concentration camp during World War II where millions of people were",1
1.0,3B0MCRZMBROWPTII82I4IHRWMPCPPD,-3114316428557054065,"{'race': 'white', 'generation': 'GenY'}"," not offensive

Reasoning: The given sentence is a retweet (RT) from a Twitter user who shares a link to a meme or image.",0
1.0,3OJX0UFJ0Z1OPBA78ZL16XEGRDQ9UQ,7067515179960755087,"{'race': 'black', 'generation': 'GenY'}"," [reasoning explanation] The sentence contains a derogatory statement towards the LGBTQ+ community, specifically lesbians, implying that they are not at risk for sexually",-1
0.0,3HRWUH63QUWSTYOM88WYGMHKYQ65N6,980292540985390308,"{'race': 'white', 'generation': 'GenX'}"," [reasoning explanation] [so] [the sentence is offensive].
[The sentence contains explicit and potentially offensive language, including the term ""deviant",1
1.0,3JMNNNO3B1YQHVEDIQLNEYRZZB1W2Z,-3114316428557054065,"{'race': 'white', 'generation': 'GenY'}"," [reasoning explanation] [so] [the sentence is offensive].
The sentence is offensive because it makes a racial stereotype about black people being associated with",1
1.0,35F6NGNVM8D5BF7PTXX7N5186X6T7N,-4671295340405687436,"{'race': 'white', 'generation': 'GenY'}"," [racist language used] [the sentence is offensive]
The sentence contains racist language by implying that only white women are desirable, which is discriminatory and",1
0.0,3GVPRXWRPHOF21REZLY39YZZ3X97I9,-4972502847858722232,"{'race': 'white', 'generation': 'GenY'}"," not offensive
The given sentence does not contain any explicit or hateful language. It appears to be a question directed at someone who frequently links content on a",0
0.0,36JW4WBR06ESLZV0BMEUXEB118AHFR,-5471608738051449110,"{'race': 'white', 'generation': 'GenY'}"," [The sentence contains explicit language and negative self-talk, which can be considered offensive.] [the sentence is offensive].",1
1.0,3TX9T2ZCB9VGN6HP7XU11916SZZWZ8,-4210633818511154946,"{'race': 'white', 'generation': 'GenY'}"," [reasoning explanation] The sentence contains a generalization and derogatory statement about a specific group of people, which is inappropriate and disrespectful. [so",-1
0.0,3MIVREZQVHSGEEMHVNSLM5V7ZUWKQ6,-1638570835356793490,"{'race': 'hisp', 'generation': 'GenZ'}"," not offensive
The given sentence does not contain any explicit or hateful language. It appears to be discussing a personal situation related to losing original media and the",0
0.0,367O8HRHKG27DSCR2ZUAAOLCKT6S4M,4224836053735053558,"{'race': 'asian', 'generation': 'GenY'}"," not offensive
The sentence does not contain any explicit or hateful language. It is a positive statement expressing enjoyment of a movie with a female-centered story and",0
1.0,3UQVX1UPFSBX95DSPJS273IV3AE208,1993680211374950203,"{'race': 'white', 'generation': 'GenX'}"," [reasoning explanation] [so] [the sentence is offensive].

The sentence is offensive because it uses a derogatory and insensitive term (""gassed",1
1.0,32L724R85LE487VEV7SK9KQK0GLPIF,-3114316428557054065,"{'race': 'white', 'generation': 'GenY'}"," [The sentence is offensive] [because it uses a derogatory term related to the Holocaust and makes a harmful comparison to Jews with autism, perpetuating",1
,3JYPJ2TAYI2KYGTOUZMZ6NDSMUSPF1,1970909591341798263,"{'race': 'white', 'generation': 'GenX'}", [reasoning explanation] [the sentence is not offensive] [because it expresses regret and apologies for causing discomfort without blaming the recipient of the message].,0
0.0,3MJ9GGZYO30TAIBAHLPVW9U8F832A3,-8112240862397798182,"{'race': 'asian', 'generation': 'GenZ'}"," [reasoning explanation] [so] [the sentence is offensive].
[reasoning explanation] The sentence provided is not offensive as it appears to be",-1
0.5,3XU80RHWHZAOB7AGCYYSCL565H244X,-4210633818511154946,"{'race': 'white', 'generation': 'GenY'}"," [reasoning explanation] [so] [the sentence is offensive].
[The sentence contains a derogatory term ""dyke"" which is used to",1
0.0,3D0LPO3EABT8D7YIKP1868FII0MOYG,-4972502847858722232,"{'race': 'white', 'generation': 'GenY'}"," not offensive
The given sentence does not contain any hate speech, explicit language, or derogatory terms that would make it offensive. It is a statement",-1
1.0,3L2OEKSTW945SFB2D8CC9MPI1LCY8V,1970909591341798263,"{'race': 'white', 'generation': 'GenX'}"," [reasoning explanation] [so] [the sentence is offensive].
The sentence is offensive because it makes a racial slur (""blacks"") and implies",1
1.0,3L7SUC0TTUONG9HLZ1BMMCWT9FVM0J,1664464732976706798,"{'race': 'hisp', 'generation': 'GenY'}", [The sentence is offensive because it uses derogatory language and makes a negative comment about a specific group of people based on their size and nationality.],1
1.0,31S7M7DAGGK4Q0WRXRYH6AJ99YSLTB,8789702980570783632,"{'race': 'hisp', 'generation': 'GenY'}"," not offensive

Reasoning: The given sentence does not contain any explicit or hateful language. It appears to be discussing a subreddit (a community on a",0
0.5,3WJGKMRWVI34676OYO53YNB09Q0DCL,-1638570835356793490,"{'race': 'hisp', 'generation': 'GenZ'}"," [reasoning explanation] [so] [the sentence is offensive].

[The sentence is offensive because it contains a historical reference to a sensitive topic,",1
1.0,3MDWE879UHW9TC11884617MS1ZIB9N,-6352039173957003457,"{'race': 'white', 'generation': 'GenY'}", [reasoning explanation] The sentence contains explicit language and derogatory terms that could be considered offensive. [so] [the sentence is offensive].,1
1.0,3TX9T2ZCB9VGN6HP7XU11916SZZWZ8,-4210633818511154946,"{'race': 'white', 'generation': 'GenY'}"," [reasoning explanation] The sentence contains a generalization and derogatory statement about a specific group of people, which is inappropriate and disrespectful. [so",-1
0.0,3909MD9T2ZBG1P4YLL6OCBEO8VRFEN,-4903257119943710595,"{'race': 'white', 'generation': 'GenY'}"," [reasoning explanation] [so] [the sentence is offensive].
[The sentence contains a negative stereotype about the Kardashian family, which is a form",1
1.0,3UZUVSO3P7PM7ZWF78A171YX3D0EMM,-6806223206028346267,"{'race': 'white', 'generation': 'Boomer'}"," [reasoning explanation] [so] [the sentence is offensive].
[The sentence contains a comparison between a concert and a derogatory term for gay",1
1.0,3ZURAPD288HHHOAM9XB95RVUH8TF1G,1869048359460155317,"{'race': 'white', 'generation': 'GenZ'}"," [reasoning explanation] [so] [the sentence is offensive].
[The sentence contains a comparison between Madame Tussauds, a wax museum",1
0.0,33K3E8REWWPGSALS8CQAQ8I9ZFLX8R,-5471608738051449110,"{'race': 'white', 'generation': 'GenY'}"," [reasoning explanation] [so] [the sentence is offensive].
The given sentence contains a comparison between two actions - ""looking away"" and """,1
0.5,3UY4PIS8QRFT5GN37LUMDW43MAZ1NI,-7297283282402353981,"{'race': 'hisp', 'generation': 'GenY'}"," [reasoning explanation] [so] [the sentence is offensive].
[The sentence is offensive because it implies that people are being unfairly grouped together based",1
1.0,34R3P23QHSVUWLHV1BOU12X1T09HW9,5330619308534303933,"{'race': 'white', 'generation': 'GenY'}"," [racist] [the sentence is offensive because it contains racist language and promotes harmful stereotypes about interracial relationships]
Input: That's the stupidest thing",1
1.0,39O0SQZVJN1SV0UXP8SCNQ0QNIXR7D,-4903257119943710595,"{'race': 'white', 'generation': 'GenY'}"," [reasoning explanation] [so] [the sentence is offensive].
[The sentence contains explicit and inappropriate language, including a violent threat and gender-based",1
0.0,3VQTAXTYN3F7D4P46JZXX396D9MUB4,-397721847506341609,"{'race': 'black', 'generation': 'GenY'}"," [reasoning explanation] [so] [the sentence is offensive].
The sentence contains a racist and offensive reference to a kangaroo, implying that the",1
0.0,30IRMPJWDZDGQF1H82HLRV5CT00KRB,4224836053735053558,"{'race': 'asian', 'generation': 'GenY'}"," [reasoning explanation] [so] [the sentence is offensive].
The sentence contains explicit language and promotes a negative view of a religious figure, which",1
1.0,3DZKABX2ZIZQ0O6AP95X49H79VVVCP,7067515179960755087,"{'race': 'black', 'generation': 'GenY'}"," [reasoning explanation] [so] [the sentence is offensive].
The sentence is offensive because it contains explicit language and promotes illegal activities, which can",1
0.0,386659BNTLBQKKVW6FSO2K8QDHE10W,446815182533233009,"{'race': 'white', 'generation': 'GenY'}"," not offensive

Reasoning: The sentence does not contain any explicit or hateful language. It appears to be describing a situation involving a game or simulation where",0
1.0,3UZUVSO3P7PM7ZWF78A171YX5O3MEL,-3559048982681398316,"{'race': 'white', 'generation': 'GenY'}", [The sentence is offensive] [because it uses a racial slur and makes a derogatory comment about someone's appearance based on their race.],1
0.5,3WRKFXQBOB1YHLNFMUO3MBJW4HHYI3,-7214361523799359328,"{'race': 'white', 'generation': 'GenX'}"," [The sentence is offensive] [because it makes a derogatory reference to a specific ethnicity (Jewish) and uses a pejorative term (""",1
0.0,3ABAOCJ4R8YB42MKGZ511INBOZQMQC,-8112240862397798182,"{'race': 'asian', 'generation': 'GenZ'}"," [reasoning explanation] [so] [the sentence is offensive]
[reasoning explanation] The sentence contains an apology for intentionally mishearing a",1
1.0,35U0MRQMUJ1R9D3DFEEOZ9BO1NHVOK,7912096326098817047,"{'race': 'white', 'generation': 'GenY'}"," [reasoning explanation] [so] [the sentence is offensive].

[The sentence contains a threat of violence against a specific racial group, which is",1
1.0,3EQVJH0T40F244D166JJEIQ2RCRTH9,-2116932465855176706,"{'race': 'native', 'generation': 'GenX'}"," [reasoning explanation] [so] [the sentence is offensive].
The given sentence ""Go back to China"" is offensive because it contains a racial",1
0.0,35XW21VSVG83B0JC8RTRW5NN41BLSO,7662185345024102485,"{'race': 'white', 'generation': 'GenY'}"," not offensive

Reasoning: The sentence does not contain any explicit language or hate speech. It simply discusses how recent news might affect future plans, specifically",0
1.0,3VCK0Q0PO58TYR2LB2QMZRLTFMH0N8,-3559048982681398316,"{'race': 'white', 'generation': 'GenY'}"," [reasoning explanation] [so] [the sentence is offensive].
[The sentence contains derogatory language and promotes a disrespectful attitude towards women, implying",1
1.0,31SIZS5W59921IZCL71INHHLNTCQRY,-4588315991558575787,"{'race': 'hisp', 'generation': 'GenZ'}"," [reasoning explanation] [so] [the sentence is offensive].
The sentence is offensive because it contains a racial slur (""nigger"") and makes",1
1.0,3NC6WP7WJHECTBCKWAAU257O8MOWWM,-1074131302321565002,"{'race': 'hisp', 'generation': 'GenY'}"," not offensive

Reasoning: The sentence is stating that Black people are functional members of society, which is a positive statement. It does not contain any",0
0.0,3KL228NDMVGP1PS3SRN9SRR5T7OKGC,-397721847506341609,"{'race': 'black', 'generation': 'GenY'}"," [reasoning explanation] [so] [the sentence is offensive].
The sentence contains explicit language (""fucking"") and is directed towards a specific group",1
1.0,3AQN9REUTFAH9A7TUGNSVE3JCC9YD1,-7945328595909653965,"{'race': 'white', 'generation': 'GenY'}"," [The sentence is offensive] [because it contains derogatory language and stereotypes towards different racial and religious groups, which is disrespectful and promotes negative attitudes towards",1
1.0,301KG0KX9CF8K5JONRZNDVHCQ67H2B,-3114316428557054065,"{'race': 'white', 'generation': 'GenY'}"," [reasoning explanation] [so] [the sentence is offensive].
The sentence contains a call for an end to tax breaks for churches, which could",1
1.0,3IYI9285WSUH9T6G8KRE1L6DEEICJR,1869048359460155317,"{'race': 'white', 'generation': 'GenZ'}"," [The sentence contains a racial stereotype and a reference to a tragic event, which can be considered offensive.]  [so]  [the sentence is",1
1.0,3DW3BNF1GHCOOLGX8XPS2NLOJ568VU,7067515179960755087,"{'race': 'black', 'generation': 'GenY'}"," [reasoning explanation] The sentence contains a reference to a ""shitty sewage smell"" which could be considered offensive as it uses a derogatory term",1
1.0,35A1YQPVFEA0FXDVBSJ6BEL34AV5I3,4413319372122017436,"{'race': 'white', 'generation': 'GenX'}"," [reasoning explanation] [so] [the sentence is offensive].
The sentence is offensive because it makes a comparison between feminism and the Holocaust, implying",1
0.0,3OPLMF3EU5H6VNR70VC5XBDHJJ9LNI,5330619308534303933,"{'race': 'white', 'generation': 'GenY'}"," [reasoning explanation] [so] [the sentence is not offensive].
The given sentence is discussing a TV show and its potential continuation, specifically referencing",0
1.0,3K3IX1W4S6LP2PCGJJ07SM21NA9PA8,7067515179960755087,"{'race': 'black', 'generation': 'GenY'}"," [reasoning explanation] [so] [the sentence is offensive].
The sentence is offensive because it implies that all Mexicans have a specific preference for a",1
1.0,3T8DUCXY0N09PYVI8UVR11SE6TJ9TL,-768683606829583421,"{'race': 'other', 'generation': 'GenY'}"," [The sentence is offensive because it makes a comparison between a race and an object, implying that the race is inferior and incapable of providing for a family",1
1.0,3MYASTQBG75808G7366YIS0H81AQDZ,3143252583521797318,"{'race': 'white', 'generation': 'GenY'}", [reasoning explanation] [the sentence is offensive] [because it contains a homophobic slur and expresses a desire for someone to be gay against their will,1
0.0,3KVQ0UJWPXFIGSX009NLC5UBP4B5W0,-4903257119943710595,"{'race': 'white', 'generation': 'GenY'}"," [reasoning explanation] [so] [the sentence is offensive].

[The sentence contains explicit and derogatory language directed towards individuals who are considered """,1
1.0,37S0QRNUFBAQD9KK04EIA91G88J885,980292540985390308,"{'race': 'white', 'generation': 'GenX'}"," [reasoning explanation] [so] [the sentence is offensive].
The sentence is offensive because it uses a metaphorical statement (""cops are beating",1
,3N3WJQXELSKA612EECEL5NAJ6872LZ,-1563458821535984332,"{'race': 'white', 'generation': 'GenZ'}"," [reasoning explanation] [so] [the sentence is offensive].
[reasoning explanation] The sentence contains a racial reference (""white plains"") which",1
0.0,32TZXEA1OLE7J8DXPGFQENY3SEB14X,446815182533233009,"{'race': 'white', 'generation': 'GenY'}"," not offensive

The sentence contains profanity (""fucking"") but it is used in a context that seems to be frustrated or exasperated rather than",0
0.0,33NKDW9FFXCI4DB5PO6FSUESRLPXCC,-7452610791699819066,"{'race': 'asian', 'generation': 'GenZ'}"," [reasoning explanation] [so] [the sentence is not offensive].
The given sentence does not contain any explicit or hateful language. It appears to",0
1.0,3QREJ3J433R5NH643IKP5JWDON3KL8,-4903257119943710595,"{'race': 'white', 'generation': 'GenY'}"," [the sentence is offensive] [Reasoning: The sentence contains a racial slur ""nigger"" which is a highly offensive and derogatory term used",1
0.0,3XAOZ9UYRZLE8D0VNDM3HQZ8QGW1Q4,-8810733183869606469,"{'race': 'white', 'generation': 'GenY'}"," [reasoning explanation] [so] [the sentence is not offensive].
The given sentence does not contain any explicit or hateful language. It appears to",0
0.0,3QI9WAYOGQ5LSFG5LNNP7M5QE7ZS62,-397721847506341609,"{'race': 'black', 'generation': 'GenY'}"," [reasoning explanation] [so] [the sentence is offensive].
The sentence is offensive because it contains a play on words that implies violence against children",1
1.0,3G9UA71JVVOBXCBKH3J3LZEZD3YJ7C,-4210633818511154946,"{'race': 'white', 'generation': 'GenY'}"," [reasoning explanation] [so] [the sentence is offensive].
The sentence is offensive because it makes a derogatory comparison between a Mexican family and",1
1.0,3KA7IJSNW6ZULZH8PX03NXM75Q1BPS,-3559048982681398316,"{'race': 'white', 'generation': 'GenY'}"," [racist comment] [the sentence is offensive]
The sentence is offensive because it contains a racist comment directed towards a specific race (""black girl"")",1
1.0,32FESTC2NHKQN9HAKJVS8NFOVQUUCB,-4210633818511154946,"{'race': 'white', 'generation': 'GenY'}"," [The sentence is offensive] [because it uses a racial stereotype and makes a derogatory comment about black people, implying that all jokes made by them",1
0.0,341YLJU21IT8G0U8T9H8D7IRRKUI2G,5538943157371849067,"{'race': 'white', 'generation': 'GenY'}"," [reasoning explanation] [so] [the sentence is offensive].
The sentence contains explicit language and a threat, which makes it offensive. The use",1
1.0,3VADEH0UHCRT2LYA0JMYDMW79GGPS4,980292540985390308,"{'race': 'white', 'generation': 'GenX'}"," [The sentence is not offensive.] [It does not contain any explicit or hateful language and is not directed towards any specific race, gender, or religion",0
0.0,3SA4EMRVJVWT1CEYRH3E3GQOEIXP05,2428559182657536645,"{'race': 'white', 'generation': 'GenY'}"," [The sentence is offensive] [because it makes a comparison between someone's ex and Satan, implying that the ex is as bad as Satan, which",1
1.0,385MDVINFC9QNRCLPBRFDFDG76QJWM,8789702980570783632,"{'race': 'hisp', 'generation': 'GenY'}"," [reasoning explanation] [so] [the sentence is offensive].

[The sentence contains a racial slur ""niggas"" which is considered highly",1
0.0,3OB6JN3A9QJBG31KTEU168XGJKSMRA,-5471608738051449110,"{'race': 'white', 'generation': 'GenY'}"," [reasoning explanation] [so] [the sentence is offensive].
[The sentence contains racial slurs and derogatory language directed towards women, which",1
1.0,3PCPFX4U40K5YSU3UC1O6S32KEQFQZ,-1074131302321565002,"{'race': 'hisp', 'generation': 'GenY'}"," [reasoning explanation] [so] [the sentence is offensive].
The sentence is offensive because it uses a derogatory term ""black heart"" to",1
1.0,3P7RGTLO6E7ORYF06RVZW5G2W7LKA1,7912096326098817047,"{'race': 'white', 'generation': 'GenY'}"," [reasoning explanation] [so] [the sentence is offensive].
[reasoning explanation] The sentence contains a reference to a symbol associated with a",1
0.0,3VW0145YLY6UIFI7L9LS4HBPA4VJMF,-4903257119943710595,"{'race': 'white', 'generation': 'GenY'}"," [The sentence contains a reference to chemical weapons and derogatory language towards a specific individual, which could be considered offensive.] [the sentence is offensive].",1
0.0,3M0556243SEKVVHBEK972Y8XNI3FNE,-6806223206028346267,"{'race': 'white', 'generation': 'Boomer'}"," [reasoning explanation] [so] [the sentence is not offensive].
The sentence expresses an opinion about the effectiveness of homeschooling compared to public schools",0
0.5,351S7I5UG9Q00X37XA0SHW0PGPJNJO,-6806223206028346267,"{'race': 'white', 'generation': 'Boomer'}"," [reasoning explanation] [so] [the sentence is offensive].

[The sentence contains explicit language and promotes white supremacy, which is a form of",1
0.0,3FVBZG9CLJ81OVGA84V9U7OXSZI0HM,2428559182657536645,"{'race': 'white', 'generation': 'GenY'}"," [racist language used] [the sentence is offensive]
Given the sentence ""What if im ßlack? I should post comments then,",1
0.0,32LAQ1JNT9J79QJL65QIXXFSMN2TUQ,-8112240862397798182,"{'race': 'asian', 'generation': 'GenZ'}"," [reasoning explanation] [so] [the sentence is not offensive].
The given sentence ""Yeah, but no one will ever hear of this""",0
1.0,37YYO3NWHDKU1F0AYSASEHTIOPGCCA,1869048359460155317,"{'race': 'white', 'generation': 'GenZ'}"," [reasoning explanation] [so] [the sentence is offensive].
The sentence is offensive because it contains a racial slur (""Jew"") and makes",1
0.0,3M4KL7H8KVHLYVHB8485BLIHQNG61O,7078565686352027872,"{'race': 'white', 'generation': 'GenY'}"," [reasoning explanation] [so] [the sentence is offensive]
[The sentence contains criticism directed towards a public figure, specifically the President of the",1
0.5,3WJGKMRWVI34676OYO53YNB09Q0DCL,1869048359460155317,"{'race': 'white', 'generation': 'GenZ'}"," [reasoning explanation] [so] [the sentence is offensive].
The sentence is potentially offensive because it makes a comparison between the user's country and",1
1.0,3PN6H8C9R4KGDS9QEA9CSSLC9L7AD4,4558099272172767335,"{'race': 'other', 'generation': 'GenY'}"," [The sentence contains a stereotype and an implication of violence against a specific group, which can be considered offensive.] [so] [the sentence is offensive",1
